city,country,year,jams_delay,traffic_index_live,jams_length_kms,jams_count,mins_delay,travel_time_live_per_10kms_mins,travel_time_hist_per_10kms_mins,city_gdp_capita,unemployment_pct,pm25,population
mexico-city,MEX,2024,2833.0578924355077,34.21818976825536,389.2392654132046,594.969392216878,1.8555424236133564,21.80909246041582,19.953550036802376,21111.0,3.2,"22,30",22100000.0
tokyo,JPN,2024,2152.5743567378995,36.80505887483646,373.0697339729613,518.8094199738334,0.6981520180328623,22.443777973553814,21.745625955521007,,,,
new-york,USA,2024,2133.400000000003,28.21038847664775,398.22789175032784,544.4749017896115,1.3963514765814973,18.505042815555736,17.108691338974236,,,,
london,GBR,2024,2050.703661726241,29.230165649520487,287.6328683522232,471.79555361813425,1.3251596203073248,17.7141386849412,16.388979064633865,,,,
manila,PHL,2024,1741.4933814170554,66.12940178192618,246.85808230801823,341.8812049215104,2.469894470136433,27.13462891039641,24.664734440259984,,,,
sao-paulo,BRA,2024,1729.189270199824,26.877932232841008,238.41989574283247,431.4704604691573,1.129025667445178,20.80183582904747,19.67281016160223,14703.0,8.5,"28,00",22600000.0
istanbul,TUR,2024,1660.7890185905735,45.6147859922179,245.68625162127108,411.14569822741026,2.463698789199264,19.982495098285945,17.518796309086632,,,,
jakarta,IDN,2024,1379.0371353939888,30.419242490204613,215.2288202002612,295.4928167174576,1.1933001525189173,18.098409488852162,16.90510933633326,,,,
paris,FRA,2024,1320.7468223086894,29.313445741461305,265.8659749243404,324.40553393860785,1.1708838650004696,17.65898042934294,16.488096564342467,,,,
los-angeles,USA,2024,1277.21045751634,30.446623093681918,341.0535511982564,321.73202614379085,0.7908930165218205,13.429047640369028,12.63815462384719,,,,
new-delhi,IND,2024,1266.4631899174262,22.712733594089528,155.86232073011723,293.37070838765754,0.6027723654192908,20.793490570701028,20.19071820528171,,,,
dubai,ARE,2024,1265.6853763440854,31.21462365591398,189.54017204301059,312.89247311827955,0.8482475439803886,12.237313724731518,11.38906618075116,,,,
bangkok,THA,2024,1195.5675358539768,30.510212950890917,238.99787049109077,283.33072577140376,0.596606822679375,14.815511338419686,14.218904515740347,,,,
kuala-lumpur,MYS,2024,1152.1314991334482,31.308925476603118,278.5591421143853,301.0836221837088,0.2681589894056351,13.23294461550613,12.964785626100479,,,,
bogota,COL,2024,1141.5523642732041,37.614273204903675,140.89356392294243,230.56654991243434,1.6996284237494024,24.99218531844917,23.29255689469975,11442.0,10.0,"17,60",11300000.0
osaka,JPN,2024,1140.1024999999997,33.998706896551724,178.59849137931013,295.06939655172414,0.6239416044676231,20.16091120349043,19.536969599022797,,,,
riyadh,SAU,2024,1068.1687554019006,32.554451166810715,224.94697493517734,242.0458081244598,0.9782369628926788,13.613009500310028,12.634772537417348,,,,
lima,PER,2024,1052.2927888792358,31.031277150304085,110.31476976542145,213.4535186794092,1.506304510304872,25.674260588392617,24.16795607808777,13472.0,6.5,"19,70",11200000.0
nagoya,JPN,2024,1012.4264935064944,29.561904761904763,158.78129870129834,262.8948051948052,0.3612329278421595,18.898561302238626,18.53732837439644,,,,
miami,USA,2024,886.9629032258053,25.378814298169136,176.52720139494312,229.3696599825632,0.9671510997508558,13.165640879936547,12.198489780185684,,,,
boston,USA,2024,758.0245406824131,19.489063867016622,162.7588801399824,199.02230971128608,0.6363082093511152,12.264650946837913,11.628342737486806,,,,
mumbai,IND,2024,706.0036860364272,25.816565481352992,70.92181266261925,158.20294882914138,1.4432441436151828,25.792121440365886,24.348877296750675,,,,
toronto,CAN,2024,663.4491273996508,24.80933682373473,164.98477312390912,168.36256544502618,1.0730535524025726,14.168823893194224,13.095770340791653,,,,
santiago,CHL,2024,629.8653176675361,20.155352480417754,93.48912097476068,153.0953002610966,0.6274451728168534,17.03130951450782,16.403864341691005,2277.0,7.8,"21,30",7100000.0
chicago,USA,2024,626.6833406400717,21.025427444103464,157.31657167908836,162.68960982025428,0.7372349725757965,13.496308377405708,12.75907340482989,,,,
bucharest,ROU,2024,607.2730702515163,42.049002601908064,73.73694709453609,122.86773633998266,2.314771888802082,22.296032656966087,19.981260768163967,,,,
atlanta,USA,2024,595.1361135371191,21.91484716157205,158.9046288209608,154.41310043668122,0.8123355970003152,11.132567696865392,10.320232099865091,,,,
buenos-aires,ARG,2024,571.0895933537382,17.75601224311325,100.28784433756014,137.35986007870574,0.41656646170772604,17.907915659200086,17.49134919749232,18117.0,7.2,"14,50",15400000.0
dallas-fort-worth,USA,2024,568.6288343558284,14.556529360210341,189.7192813321643,163.57800175284837,0.41083421538341264,10.028079332327735,9.617245116944286,,,,
birmingham,GBR,2024,559.3477508650521,25.246107266435985,86.54511245674746,138.46020761245674,1.0809971313233304,13.921814231541592,12.8408171002183,,,,
melbourne,AUS,2024,551.359700835898,24.304003519577652,102.05899692036947,147.24681038275406,1.032261476657743,14.856014122457852,13.823752645800148,,,,
bangalore,IND,2024,546.968557817237,27.999133824166307,65.35404937202239,133.3923776526635,1.6788811604035785,26.436223865374075,24.757342704970537,,,,
washington,USA,2024,511.91161572052334,20.99519650655022,135.6107423580789,128.3934497816594,0.847051346851636,12.832071405900559,11.9850200590489,,,,
rome,ITA,2024,499.41901469317173,35.20743301642178,89.81408815903204,115.3980121002593,1.4573979473827394,16.25166555515004,14.79426760776733,,,,
johannesburg,ZAF,2024,489.64735461302956,19.169217315260166,79.31189331001319,136.56624398775688,0.7101241846124535,13.966859003602286,13.256734818989884,,,,
athens,GRC,2024,481.03579817311845,35.75685080469769,68.40965637233577,123.21096128751631,1.9540332749869047,19.52889944937732,17.574866174390465,,,,
montreal,CAN,2024,477.09497597203983,21.11227610310179,105.61424202708606,111.71341197029271,0.8642448827799637,14.055588388800036,13.191343506020072,,,,
milan,ITA,2024,474.3328976034853,24.671459694989107,94.01843137254914,121.67145969498911,0.8627853126132264,14.091499193168113,13.228713880554848,,,,
rio-de-janeiro,BRA,2024,466.06470588235203,25.16296296296296,85.01511982570794,123.89193899782136,0.3613022575932048,17.137320045767073,16.776017788173853,13349.0,9.2,"18,40",13700000.0
sydney,AUS,2024,424.9028596568405,24.106907171139465,72.5730312362517,117.58205015398153,0.9800592099352287,16.761750702068483,15.781691492133268,,,,
naples,ITA,2024,421.1490418118472,27.439895470383274,68.84281358885032,99.83841463414635,0.9584930495761508,14.824023315277696,13.865530265701578,,,,
sharja,ARE,2024,411.37805309734455,40.848230088495576,64.41442477876092,97.03672566371681,1.2622004487189138,14.338116675237227,13.075916226518341,,,,
dublin,IRL,2024,393.4219225750324,35.44323618964767,56.233449325793885,97.95606785558938,1.4569891444683696,17.60593422931568,16.148945084847398,,,,
houston,USA,2024,392.62112182296255,17.56573181419807,116.17900964066621,106.85276073619632,0.419831409814866,10.614684514255604,10.194853104440712,,,,
madrid,ESP,2024,372.6754363001744,16.547556719022687,78.8238219895289,106.63176265270506,0.7362593986918815,12.867025284746038,12.13076588605417,,,,
ankara,TUR,2024,368.03069565217413,23.038260869565217,55.58360869565213,96.70521739130434,0.9300556992561574,14.163212790815782,13.233157091559622,,,,
taipei,TWN,2024,364.8341252699787,30.051403887688984,83.03978401727865,106.78790496760259,1.8606579409789417,21.214771513983795,19.354113573004916,,,,
kuwait-city,KWT,2024,359.93658954584356,19.63624678663239,57.58333333333339,99.206940874036,0.48439221932209436,10.851722106818007,10.36732988749591,,,,
manchester,GBR,2024,348.167863321799,28.107698961937718,57.00553633217993,83.20804498269896,1.3702019293456753,15.777496934954668,14.407295005609,,,,
cape-town,ZAF,2024,340.72556917688297,22.619964973730298,57.55525394045537,88.70402802101576,0.668050730852683,15.445804966889101,14.777754236036392,,,,
berlin,DEU,2024,338.4360762234739,23.614118666089215,43.97020355132098,80.32438284971849,1.0681807508582037,17.282683509792328,16.21450275893412,,,,
brussels,BEL,2024,314.17208099956923,31.39164153382163,51.95105557949155,74.10512710038776,1.5869602514767684,17.978175121028315,16.39121486955156,,,,
budapest,HUN,2024,307.75945478147963,24.485936823885762,48.41319774989184,70.84335785374297,1.047711478844117,13.272419268687154,12.224707789843023,,,,
warsaw,POL,2024,299.9640645442647,27.07849978194505,44.89127780200605,69.16397732228522,1.1030311325850088,16.08890661171602,14.985875479130993,,,,
lyon,FRA,2024,294.09943453675515,24.571987820791648,42.78690735102221,67.31100478468899,0.9408293824875182,15.07060830893685,14.12977892644931,,,,
cairo,EGY,2024,281.1669312169316,7.724426807760141,42.54519400352735,72.17151675485009,-0.1543770679831182,13.92994243075748,14.084319498740546,,,,
belo-horizonte,BRA,2024,263.04787931788366,19.428946217752515,44.03812855268907,68.80542195015303,0.4872275360037778,18.30453814854745,17.817310612543658,11124.0,9.5,"16,80",6100000.0
izmir,TUR,2024,262.88191259195156,27.062310688013845,37.70735612289049,63.67719601903938,1.289462617668319,15.742748913301211,14.453286295632884,,,,
jeddah,SAU,2024,258.899345549739,20.851657940663177,55.057635253054045,68.22513089005236,0.5276380783950991,12.317311054871768,11.78967297647667,,,,
vancouver,CAN,2024,250.13163176265275,29.210732984293195,52.18390052356021,61.63743455497382,1.1198163258130138,16.64819681947796,15.528380493664937,,,,
hong-kong,HKG,2024,243.90898827616175,28.870603560573166,39.10881458966566,77.65175857577073,-0.025394896339555426,16.892693233794162,16.918088130133718,,,,
singapore,SGP,2024,241.88310344827548,28.16336206896552,55.59340517241377,79.31551724137931,-0.16673125742196324,15.574087898224665,15.740819155646653,,,,
san-francisco,USA,2024,235.09376906318096,23.08235294117647,50.14235294117655,62.8400871459695,0.6966773294673549,14.213461521497946,13.516784192030606,,,,
tampa,USA,2024,227.5452920662597,21.855274629468177,55.742938099389626,58.71708805579773,0.95432880008419,11.954968350096987,11.000639550012814,,,,
seattle,USA,2024,222.17516454585342,22.91136463361123,61.02711715664766,58.725756910925845,0.790410736186415,12.903375026494155,12.112964290307803,,,,
phoenix,USA,2024,220.39938704027995,13.554728546409807,60.573029772329164,68.08800350262698,0.36697696930233786,10.326287159386993,9.95931019008464,,,,
prague,CZE,2024,214.85574912891983,27.67116724738676,36.16781358885026,48.642857142857146,1.1823910532147803,15.723536327591649,14.54114527437684,,,,
austin,USA,2024,214.7431260945708,18.396672504378284,59.05709281961471,55.65542907180385,0.6496726843602405,11.224164435508067,10.574491751147864,,,,
san-diego,USA,2024,213.2923009238891,17.974483062032554,57.18086229652441,58.21821381434228,0.27948380480553203,10.33991962890961,10.060435824104095,,,,
leeds-bradford,GBR,2024,210.1713107638893,22.57248263888889,32.66649305555549,48.79774305555556,1.0949319098878663,14.424386773919373,13.329454864031467,,,,
durban,ZAF,2024,210.14004329004325,18.62813852813853,39.51683982683985,57.54372294372294,0.8531624073403611,14.212639124854773,13.359476717514388,,,,
porto,PRT,2024,202.19620584387297,23.323593545573484,31.02660270388136,54.001308329699086,0.7688197404966958,14.58307780984288,13.814258069346206,,,,
taoyuan,TWN,2024,200.99592367736332,27.615784908933218,45.50368603642675,56.22376409366869,1.1065800893090008,15.823180735953377,14.716600646644393,,,,
ruhr-region-west,DEU,2024,197.67857766143126,21.086387434554975,44.510645724258374,48.23996509598604,0.7279899806684342,11.687154920001618,10.959164939333192,,,,
san-antonio,USA,2024,195.23732394366158,12.733714788732394,51.12878521126754,53.030369718309856,0.35062399590780535,10.306677036210802,9.95605304030298,,,,
sofia,BGR,2024,188.0477183833119,25.84702303346371,24.547718383311594,45.37331594958714,1.4566209369213532,17.65769928911212,16.201078352190773,,,,
antwerp,BEL,2024,186.69805279099938,26.79878840328862,38.602682821289534,39.076590220683684,1.08852877474149,13.310793588965193,12.222264814223688,,,,
riverside,USA,2024,185.7854704595183,18.86039387308534,68.01076586433241,46.87702407002188,0.32161286156252106,9.84928120064321,9.527668339080725,,,,
denver,USA,2024,184.0115872321821,15.046786182772191,60.8958460865763,54.339746392654135,0.37384440661706536,11.021828148034624,10.647983741417592,,,,
curitiba,BRA,2024,183.46927447552432,14.954545454545455,30.0500437062937,46.89816433566433,0.13996459672844222,17.258700416746272,17.118735820017875,12381.0,8.2,"13,50",3700000.0
lisbon,PRT,2024,178.1429253472222,25.37717013888889,29.359895833333294,48.66796875,1.207654265649478,17.94278749338708,16.73513322773763,,,,
katowice-urban-area,POL,2024,177.88473615351035,14.812908853030963,28.459485390318363,42.56389010030528,0.4712089565921064,10.672206432406625,10.200997475814498,,,,
san-jose,USA,2024,177.15374179431103,22.176805251641138,52.53435448577684,47.55361050328228,0.5906690595096481,11.63847980159703,11.047810742087407,,,,
hamburg,DEU,2024,175.2582283977418,23.789405123751628,31.566521927920114,41.888840642640034,0.9430724288244985,15.408168173525063,14.46509574470064,,,,
auckland,NZL,2024,173.08021061869212,23.29837648091268,34.22970601140842,43.43220710838087,0.6565931520165638,14.864288821791238,14.207695669774644,,,,
abu-dhabi,ARE,2024,171.15731549417393,13.902028485110057,24.507380233059962,47.26801899007337,0.13976383249155358,9.829091733983136,9.689327901491586,,,,
krakow,POL,2024,169.16042664344806,32.882020026121026,21.38724423160644,40.31519373095342,1.279811416096825,17.6012812159479,16.32146979985108,,,,
dammam,SAU,2024,168.2355458515287,15.558951965065502,28.9393886462882,46.9825327510917,0.23154300581239712,11.259700171209206,11.028157165396811,,,,
bordeaux,FRA,2024,158.08633594429938,21.648825065274153,28.308572671888616,38.0987815491732,0.6843154859346839,14.784712435416838,14.100396949482167,,,,
detroit,USA,2024,157.5918978423603,11.287538529282255,40.47472479084093,46.58784676354029,0.35600512480632485,10.367721843570479,10.011716718764166,,,,
gdansk-gdynia-sopot,POL,2024,154.92777047744167,22.700394218134033,20.55935173017955,30.398160315374508,0.737414540960528,14.803983062817773,14.066568521857269,,,,
charlotte,USA,2024,152.56745200698037,17.046684118673646,39.78538394415357,39.90794066317626,0.5393292327817107,10.38223985115091,9.842910618369174,,,,
baltimore,USA,2024,150.3544014084504,14.786091549295774,46.435079225352204,40.910651408450704,0.5000046938575944,11.210529724476789,10.710525030619158,,,,
wroclaw,POL,2024,150.22225609756094,28.983449477351915,18.098954703832746,35.1698606271777,1.2206297477094865,16.72192134738856,15.50129159967905,,,,
orlando,USA,2024,148.88116826503907,17.643853530950306,30.781473408892705,43.820836965998254,0.7007548480862161,11.279978279677987,10.57922343159177,,,,
marseille,FRA,2024,148.4185008665512,27.51213171577123,22.6343154246101,36.084488734835354,0.6358076468821636,17.481563583733163,16.84575593685097,,,,
pune,IND,2024,148.3453165654816,20.597137901127493,13.922983521248907,35.813096270598436,0.48195299821600446,24.420011232909793,23.938058234693766,,,,
toulouse,FRA,2024,147.69833260201844,20.358929354980255,25.45383940324698,35.1693725318122,0.7862690076295166,13.760738529706927,12.974469522077374,,,,
las-vegas,USA,2024,147.07312717770037,15.644163763066203,30.176742160278742,43.96559233449477,0.6329017370957042,12.540827763625954,11.90792602653021,,,,
lille,FRA,2024,145.93848498040927,19.537222464083587,28.224684370918492,36.16195037004789,0.7661376607688805,14.333715115386681,13.567577454617801,,,,
barcelona,ESP,2024,145.78018213356455,22.152645273200346,31.041066782306984,38.685169124024284,1.0964552867784365,19.192364596108394,18.095909309329958,,,,
brisbane,AUS,2024,145.00675970344503,21.33406018316616,31.887658089838638,40.01700828608809,0.6697116366406732,14.056308947448485,13.386597310807797,,,,
doha,QAT,2024,143.08165296408495,19.590220683686717,17.593725659887475,47.74123755949805,0.3839748940774601,12.459512782912167,12.075537888834738,,,,
vienna,AUT,2024,142.85447048611093,24.227864583333332,23.899131944444367,37.09809027777778,1.4116288090389266,17.895328409805803,16.48369960076687,,,,
porto-alegre,BRA,2024,139.3828296101621,17.68725361366623,20.167849321068786,39.813403416557165,0.19419456468503604,16.166684319293026,15.972489754607977,11801.0,8.7,"14,20",4300000.0
munich,DEU,2024,139.12667829119422,21.733653007846556,28.390409764603305,35.5998256320837,0.7250769561989153,13.657665329837158,12.93258837363823,,,,
nashville,USA,2024,136.98255356362043,19.437254044599914,36.55640577175336,35.60253607345868,0.5719539582971627,10.976724579452338,10.404770621155162,,,,
valencia,ESP,2024,135.55418292154272,24.90550498482878,23.815041179020383,30.79800606848721,1.8700328383725142,16.46518795957026,14.595155121197783,,,,
ruhr-region-east,DEU,2024,130.6691266375547,16.736681222707425,27.46973799126637,33.556768558951966,0.5993729482649386,11.096004122450406,10.49663117418549,,,,
cologne,DEU,2024,130.3730484081987,21.534234627126036,31.489969472307013,32.81334496293066,0.7802463594347643,12.13793117069188,11.357684811257098,,,,
sapporo,JPN,2024,130.11290322580655,25.831734960767218,21.09407149084565,38.33522231909329,0.48706393063430753,21.743980281227,21.256916350592707,,,,
catania,ITA,2024,129.19111597374194,25.986433260393873,22.002582056892788,31.27702407002188,1.0005028991627771,15.374942825849622,14.374439926686849,,,,
glasgow,GBR,2024,128.9381344902385,20.31236442516269,21.2752711496746,34.56529284164859,0.8951659020262923,14.71709388782975,13.821927985803464,,,,
rotterdam,NLD,2024,127.81875,20.48645104895105,27.410970279720246,29.3125,0.669374054618135,11.81961270590499,11.150238651286829,,,,
bursa,TUR,2024,127.44624728850317,18.53232104121475,19.535097613882826,33.51670281995661,0.7694282553466468,15.027255298894982,14.25782704354836,,,,
pittsburgh,USA,2024,125.84492945326296,13.824514991181658,25.3447971781305,34.25396825396825,0.40071092078235243,11.674884495380299,11.274173574597949,,,,
taichung,TWN,2024,125.830739299611,25.992650237786425,25.5795503674881,39.042369217466494,1.7175563572327905,21.027554142037605,19.309997784804796,,,,
sacramento,USA,2024,125.61404741000888,18.162862159789288,33.77085162423172,35.056628621597895,0.4462867396777966,10.936187826093448,10.489901086415669,,,,
liverpool,GBR,2024,124.35084452143747,23.832394976180165,15.468211346903383,33.199220441749674,1.2163524045082972,16.240534018811584,15.024181614303268,,,,
vilnius,LTU,2024,123.96756404689525,26.57186278766826,14.926791141988698,30.279635258358663,1.408353686647478,16.44838519470925,15.040031508061746,,,,
turin,ITA,2024,122.34715909090929,21.017045454545453,19.158391608391593,31.815122377622377,0.9119841482788216,15.386165473858343,14.474181325579517,,,,
kobe,JPN,2024,120.29606741573032,23.39325842696629,25.55851339671564,29.146931719965426,0.21606002569076144,15.695106120670808,15.479046094980033,,,,
nantes,FRA,2024,119.00467248908295,19.650655021834062,19.91554585152833,26.70305676855895,0.7170477058451169,12.908976300633297,12.191928594788159,,,,
poznan,POL,2024,118.09076655052263,25.91419860627178,16.341681184668968,29.652874564459932,0.9566292808226419,15.332080883382105,14.375451602559487,,,,
belfast,GBR,2024,117.04191721132898,24.630065359477125,18.83511982570803,27.551633986928106,0.860656544066274,13.961432715064634,13.100776170998357,,,,
newcastle-sunderland,GBR,2024,116.34782040104625,18.259372275501306,20.148866608544065,29.67654751525719,0.6560935605071505,13.421221198881204,12.76512763837413,,,,
minneapolis,USA,2024,115.3522178304787,11.268335529205094,46.32964426877466,34.84409310496267,0.35658625710254604,9.875008256735754,9.518421999633196,,,,
bristol,GBR,2024,114.98258598171556,24.259468872442316,16.039791031780567,27.082716586852417,0.9037317719772766,15.42202700204699,14.518295230069697,,,,
recife,BRA,2024,112.75555069930087,21.555944055944057,16.8854895104895,33.22115384615385,0.07253879036529949,20.10156890188669,20.029030111521344,9189.0,11.2,"15,80",4099999.9999999995
lodz,POL,2024,111.41126576772515,32.14093083949543,12.737581557198782,26.729882557633754,1.4024966000206978,19.700180813444994,18.297684213424276,,,,
palermo,ITA,2024,110.05333043099691,33.66129734436221,15.491684806269024,26.627775359164126,1.1573984150490226,17.67125226555456,16.513853850505473,,,,
ottawa,CAN,2024,108.93057380639519,21.03372755146737,23.229084537888692,24.834866403854576,1.0040835485658453,14.055980061476712,13.05189651291089,,,,
perth,AUS,2024,106.55437527209392,16.089246843709187,22.459120592076584,31.166739225076185,0.3696962410335873,12.939949941637362,12.570253700603788,,,,
riga,LVA,2024,105.53264949803594,17.920122217372327,13.52466171977303,24.22915757311218,0.710615638907299,14.657150711687537,13.94653507278021,,,,
pretoria,ZAF,2024,103.97643451598768,17.028909329829172,18.069207183530455,29.564607971966712,0.5269040650304574,12.828423754385259,12.301519689354803,,,,
antalya,TUR,2024,103.55878813923529,21.88912763214439,13.014654061022771,27.73313278899871,1.3402607440441254,17.90152775818361,16.56126701413948,,,,
dusseldorf,DEU,2024,103.35572052401763,18.00174672489083,20.974497816593853,25.75545851528384,0.6242818542103709,10.971552092193575,10.347270237983214,,,,
sheffield,GBR,2024,101.64175010883784,21.66129734436221,14.201959077057019,25.893339138006095,0.7871894598455785,15.143516107384588,14.356326647539014,,,,
brasilia,BRA,2024,101.57632617273147,11.258220078912757,18.337132836475213,27.28014028934678,0.1934421559877342,13.338658187159728,13.145216031172003,16251.0,7.8,"12,80",4800000.0
zurich,CHE,2024,99.9479685452162,23.029270423765837,19.140148536478783,23.11839231105286,0.6880297703754562,14.441662353461755,13.753632583086306,,,,
southampton,GBR,2024,99.0949284785435,23.48807975726051,14.396142175986114,20.317295188556567,1.1057199374047946,13.281164006976155,12.175444069571364,,,,
new-orleans,USA,2024,98.04232781168265,17.812118570183085,19.75422842197035,25.992589363557105,0.722565962008529,12.8336436211609,12.111077659152372,,,,
kaohsiung,TWN,2024,97.92289416846647,26.910583153347734,20.17974082073432,30.41252699784017,2.053179948396423,22.22863183756127,20.17545188916489,,,,
montpellier,FRA,2024,94.27510785159629,22.792062122519415,12.83248490077654,22.320966350301983,0.6540448362417202,14.728971940350792,14.074927104109094,,,,
geneva,CHE,2024,93.67651152675082,28.00956937799043,11.820182688125277,22.026098303610265,1.2982054069884847,20.006987436420687,18.70878202943224,,,,
columbus,USA,2024,93.21810572687232,12.55374449339207,23.42977973568281,29.00396475770925,0.3824147898072517,10.355650560993634,9.97323577118637,,,,
edinburgh,GBR,2024,92.88463868455219,29.650800519255732,14.868585028126342,23.238424924275204,1.2362101874722065,18.06074714300215,16.824536955529904,,,,
adelaide,AUS,2024,91.93835736129331,16.996941896024463,16.43971166448229,26.63564875491481,0.680526608824794,14.453940420935638,13.773413812110855,,,,
edmonton,CAN,2024,91.22685063512938,14.278580814717477,16.971835304423955,24.81515549715287,0.7428770192148327,12.977071613049176,12.234194593834346,,,,
cincinnati,USA,2024,91.01446789797726,12.111257695690414,26.605980650835505,24.27528583992964,0.417961021189849,10.253833783272613,9.835872762082769,,,,
indianapolis,USA,2024,90.62677475898336,11.86678352322524,25.0624014022787,23.29973707274321,0.43658593664512324,10.276745976965039,9.840160040319912,,,,
florence,ITA,2024,90.42302345786267,24.68288444830582,12.72267593397049,23.019982623805387,0.9536945252894077,14.527700243792088,13.574005718502683,,,,
jacksonville,USA,2024,88.48220078912748,13.198158702323543,22.698991670320037,25.48049101271372,0.36914130686063157,9.868554478875769,9.499413172015132,,,,
salvador,BRA,2024,86.40000000000002,20.928727590730215,13.17044162658504,25.23524267599475,0.11581062763269719,16.831620342063747,16.71580971443112,8899.0,12.4,"15,20",3900000.0
calgary,CAN,2024,86.0432953549518,13.176599474145487,19.809815950920242,24.522348816827343,0.5172764876958404,12.017450892625812,11.500174404929979,,,,
honolulu,USA,2024,85.5240489724529,21.621775251421077,17.874070835155187,20.961084390030607,0.6816866145212066,14.118048653997644,13.436362039476458,,,,
stockholm,SWE,2024,84.93308566433569,19.15909090909091,20.43435314685312,21.569055944055943,0.637349917373468,14.442843182548517,13.805493265175006,,,,
copenhagen,DNK,2024,84.02174868189819,15.96572934973638,17.13752196836555,22.299648506151144,0.545615099296822,13.548190539393982,13.00257544009717,,,,
adana,TUR,2024,83.86476149548766,22.54103996562097,11.827331327889986,23.754619681993983,1.1297491140849905,15.879694306264053,14.749945192179093,,,,
leicester,GBR,2024,83.69094865100085,27.41644908616188,13.334856396866853,21.074412532637076,1.453000649835283,16.6704424500142,15.217441800178923,,,,
fortaleza,BRA,2024,82.81318101933213,15.896748681898067,11.205843585237279,24.64499121265378,0.0816177475203336,19.267171496002668,19.185553748482338,8512.0,11.8,"14,60",4200000.0
providence,USA,2024,81.25905304690922,15.580447172292853,17.64498027181059,22.328803156510304,0.43293314053000026,11.791230406824525,11.358297266294526,,,,
bologna,ITA,2024,80.60335365853668,26.983885017421603,15.812499999999993,17.658101045296167,1.1786255182163954,13.982889050014888,12.804263531798483,,,,
cork,IRL,2024,79.84131190269333,26.494787141615987,10.20043440486535,19.56776715899218,1.2347847631413964,15.207574523617435,13.972789760476049,,,,
amsterdam,NLD,2024,77.42562199912693,20.075949367088608,18.139415102575306,20.334351811436054,0.6816378711689316,12.5567837433756,11.875145872206677,,,,
winnipeg,CAN,2024,76.34048972453004,18.19895059029296,11.093397463926534,18.775251421075644,1.0382018562790605,15.349893053470378,14.311691197191337,,,,
bournemouth,GBR,2024,74.94645189377444,22.33783195472355,11.365215498476285,16.354375272094035,0.9038204349726789,15.787043652688526,14.883223217715896,,,,
quebec,CAN,2024,74.34823008849561,16.122566371681415,16.954778761061938,18.651769911504424,0.5543492196218744,12.083625698999787,11.529276479377897,,,,
baton-rouge,USA,2024,73.79261363636351,17.839597902097903,17.318618881118905,16.953234265734267,0.5305959316501033,11.655109380548662,11.124513448898556,,,,
frankfurt-am-main,DEU,2024,73.65067479320857,22.100130605137135,10.509664780148045,17.891162385720506,0.9776372184310632,14.058533753217104,13.080896534786007,,,,
thessaloniki,GRC,2024,73.32678336980302,25.304157549234137,13.054135667396068,18.143982494529542,1.2268387157986411,17.07740642288471,15.850567707086089,,,,
mecca,SAU,2024,72.53004385964911,5.270175438596492,10.095657894736844,19.806140350877193,-0.31743608610145985,10.452803162005203,10.770239248106673,,,,
virginia-beach,USA,2024,72.45645869947259,11.612478031634446,19.62561511423549,19.278558875219684,0.31379236203933975,10.877624135564785,10.563831773525415,,,,
charleston,USA,2024,71.38998242530755,18.15773286467487,16.87434094903337,16.150263620386642,0.5751326001940568,11.696516036800535,11.121383436606457,,,,
cardiff,GBR,2024,70.00928416485911,22.277223427331887,10.960737527114958,16.98655097613883,0.7944873729747606,14.572373844825199,13.777886471850438,,,,
salt-lake-city,USA,2024,66.80109697235623,12.798157086441421,14.500745941202284,19.34093900833699,0.3782354501702862,10.642061365520515,10.263825915350237,,,,
cleveland,USA,2024,66.67490074988973,8.925452139391266,17.34199382443758,20.02073224525805,0.2499426123256409,10.030405885983656,9.780463273657972,,,,
brno,CZE,2024,66.09856334349135,20.517631693513277,14.135655202437977,15.299956464954288,0.2934001142325369,12.316891361808652,12.023491247576136,,,,
raleigh,USA,2024,65.75661120840627,12.826182136602451,15.989448336252178,19.320052539404553,0.3295417497226195,9.948211867660621,9.618670117937986,,,,
gaziantep,TUR,2024,65.41330749354019,14.166236003445306,9.124031007751944,19.888458225667527,0.48602969045211913,15.784326478139088,15.298296787686917,,,,
st-louis,USA,2024,64.99428320140711,10.691292875989445,18.306640281442355,19.521547933157432,0.3205994393798818,9.811639540796927,9.491040101417028,,,,
philadelphia,USA,2024,64.60668719753633,12.369555653321601,15.67333919929608,19.297844258688958,0.29020139687291685,10.092186246335453,9.801984849462553,,,,
nottingham,GBR,2024,64.38250539956813,23.798704103671707,9.065097192224622,15.869546436285097,1.2348490181825935,16.222697898068784,14.98784887988608,,,,
stuttgart,DEU,2024,64.31595466434177,20.965562336530077,9.655536181342628,14.528334786399302,0.9553696818375437,15.945265389059923,14.989895707222397,,,,
the-hague,NLD,2024,64.04029720279732,23.93312937062937,10.884702797202808,16.295017482517483,0.7442970278544528,14.244802758323024,13.500505730468577,,,,
clermont-ferrand,FRA,2024,63.97778745644606,23.160714285714285,6.661628919860631,16.015243902439025,0.8908027195806413,15.047723276197148,14.156920556616477,,,,
hull,GBR,2024,63.17521701388892,26.29861111111111,9.396440972222216,14.47439236111111,1.0733766402163387,16.07540847952792,15.002031839311567,,,,
strasbourg,FRA,2024,63.084860383944154,21.56806282722513,9.595026178010498,16.18848167539267,0.8129114691606099,16.481193845419682,15.668282376259068,,,,
greenville,USA,2024,62.535636204634855,16.44862264975951,14.780935723655432,17.467861827721908,0.5742162704972161,10.57935134800578,10.005135077508568,,,,
hannover,DEU,2024,62.3234395460497,18.027935399388912,11.615058926233086,15.113051069402008,0.5342129574784914,11.238817510076991,10.704604552598509,,,,
oklahoma-city,USA,2024,62.03836644591611,8.242384105960264,15.729359823399555,18.43796909492274,0.017002243058883974,9.644777619145136,9.627775376086253,,,,
liege,BEL,2024,61.34139290407361,15.789312308366185,10.427726675427083,15.245729303547963,0.5628363701868173,11.615385095460919,11.052548725274097,,,,
stoke-on-trent,GBR,2024,61.25006507592173,20.20043383947939,9.943297180043404,14.037310195227766,0.8862936607137342,12.604171830757267,11.717878170043521,,,,
padua,ITA,2024,58.49156099693931,15.786182772190642,11.053563620463478,13.475732400524706,0.45754634846551295,10.745335927445085,10.287789578979588,,,,
ghent,BEL,2024,58.37472955430556,15.89052358286456,9.405884898312413,13.704456945045434,0.4722169751643692,10.410876024232275,9.93865904906795,,,,
rouen,FRA,2024,56.19609035621197,18.125543006081667,8.251781059947865,12.879235447437011,0.6681898775434907,13.794381705327918,13.1261918277844,,,,
gold-coast,AUS,2024,55.31163095758641,20.4914735461303,15.173458679492759,14.164844774814167,0.7045289635824277,13.467451300538851,12.762922336956377,,,,
nice,FRA,2024,54.96072980017377,23.430929626411817,7.492050390964405,14.076455256298871,0.738063606876134,17.742322508633045,17.004258901756966,,,,
medina,SAU,2024,54.32172024326676,6.294092093831451,5.915377932232841,16.347523892267592,-0.21226730356285806,11.52932708762616,11.741594391189011,,,,
oslo,NOR,2024,53.887396061269136,15.941356673960613,11.403719912472637,11.530853391684902,0.49760141733636754,15.42465755501205,14.92705613767572,,,,
genoa,ITA,2024,53.79682884448306,24.855343179843615,8.153344917463095,13.013466550825369,1.129966462438612,16.476093293124794,15.346126830686135,,,,
szczecin,POL,2024,53.21514099783084,22.427331887201735,6.563427331887214,13.187418655097614,0.7688421353665572,14.835695105819845,14.066852970453265,,,,
seville,ESP,2024,53.01634865568084,17.298785776235906,9.864180398959236,15.293148308759758,1.0318875721265257,16.218512230314737,15.186624658188215,,,,
nuremberg,DEU,2024,52.994043478260785,22.84173913043478,7.12765217391305,12.877391304347826,0.9073732978448735,14.147958171165856,13.240584873320945,,,,
utrecht,NLD,2024,52.936224266316216,18.178274200613227,12.631318440648242,12.882172579938677,0.46103457135630943,9.92753500947493,9.46650043811859,,,,
cape-coral-fort-myers,USA,2024,52.855788553953616,18.765399737876802,9.412887723896898,13.314984709480122,0.5744829016978266,11.563110073444703,10.988627171746849,,,,
birmingham,USA,2024,52.60153307052128,11.537012702584319,12.523039859833553,14.01401664476566,0.3189379204001867,9.38655915530525,9.067621234905051,,,,
mersin,TUR,2024,52.22453563714905,20.18790496760259,7.353174946004333,14.991360691144708,1.0858300616355103,15.252943582465834,14.167113520830325,,,,
verona,ITA,2024,52.16067219554774,18.757311217808816,8.810170231340045,13.320384111741598,0.5575724196707944,11.678442546677976,11.120870127007176,,,,
tainan,TWN,2024,51.847718383311566,22.1238591916558,10.900782268578883,16.18600608431117,1.1921442502473805,17.01821886883495,15.826074618587636,,,,
reading,GBR,2024,51.69909482758632,23.392672413793104,7.174181034482758,11.776293103448277,1.2671140686659383,13.66102418268039,12.393910114014444,,,,
milwaukee,USA,2024,51.684066901408485,10.748239436619718,13.955545774647906,16.073063380281692,0.34106951436632904,10.963188443702265,10.62211892933597,,,,
bremen,DEU,2024,50.92678571428569,20.054878048780488,10.72269163763065,12.858885017421603,0.499305360593899,11.271296410961183,10.771991050367305,,,,
halifax,CAN,2024,50.41679721496959,20.208442123585726,7.513141862489137,11.086597040905135,0.9930273215790715,15.71640371270708,14.723376391127974,,,,
montevideo,URY,2024,50.2010921799912,17.01485364788117,6.369200524246402,14.160332022717343,0.3934420136382757,18.892342279198207,18.498900265559932,26176.0,8.4,"11,20",1800000.0
toulon,FRA,2024,49.806165870603564,19.944854537559706,7.270690403821116,11.80894485453756,0.31671755177277067,15.155849833820898,14.839132282048153,,,,
grenoble,FRA,2024,49.52138501742167,22.14067944250871,9.903658536585391,12.773519163763066,0.6424707758445927,14.226630149648148,13.584159373803509,,,,
dresden,DEU,2024,48.94936487078402,21.84450284713097,6.70915462111259,11.381953569864214,0.9286779491660826,13.744904305687827,12.816226356521755,,,,
rennes,FRA,2024,48.27679195804198,20.012674825174827,10.74296328671328,12.011363636363637,0.6721210875069824,13.272969968051788,12.600848880544792,,,,
portsmouth,GBR,2024,47.17680209698567,18.622105723023154,7.014416775884679,12.283966797728265,0.5466379364415642,12.469437266757895,11.922799330316346,,,,
albuquerque,USA,2024,46.79675438596486,14.641228070175439,10.124122807017555,11.401754385964912,0.4763331190526686,11.15897710976247,10.682643990709812,,,,
bratislava,SVK,2024,46.677811816192516,21.353172866520786,8.860831509846834,11.384245076586433,0.7046030661547752,13.175640014576015,12.471036948421233,,,,
leipzig,DEU,2024,46.10956140350882,18.819298245614036,6.156578947368429,10.95,0.6607706587014657,12.822059004097419,12.16128834539592,,,,
brescia,ITA,2024,45.84894644424924,15.388937664618085,9.5610623353819,11.676909569798068,0.44437950410713406,10.304711178824933,9.860331674717795,,,,
coventry,GBR,2024,45.562462203023784,19.277321814254858,7.060993520518378,11.633693304535637,0.9272421962681342,12.554245861622773,11.627003665354618,,,,
konya,TUR,2024,44.591576673866086,13.995680345572355,5.794730021598289,12.568034557235421,0.7699194535878976,15.00169599662616,14.23177654303825,,,,
richmond,USA,2024,44.35909688733017,10.215256466462078,10.864927663305586,13.491889522139413,0.2698784361601027,9.612456278473342,9.342577842313254,,,,
hamilton,CAN,2024,44.15211513301359,17.827736589620585,14.370693414740527,10.334932402965547,0.7311169757852514,12.092220195100534,11.361103219315295,,,,
london,CAN,2024,43.66825327510923,20.502620087336243,7.463056768558956,10.970305676855896,1.079750531639155,14.660614049810295,13.580863518171173,,,,
allentown,USA,2024,43.44555066079292,12.785022026431719,11.344757709251082,11.661233480176211,0.3798801370524338,10.929519750753073,10.549639613700633,,,,
al-ain,ARE,2024,43.11986183074267,11.698618307426598,4.5332901554404135,12.623488773747841,0.1614756555490818,10.630735948958337,10.469260293409246,,,,
limerick,IRL,2024,42.82895535327267,28.0567837017772,5.663242306025158,10.809276116168183,1.3420443825185802,15.553362325769344,14.21131794325078,,,,
brest,FRA,2024,42.2172024326673,20.04344048653345,5.259774109470026,10.367072111207646,0.8407552189440664,15.588295826638735,14.747540607694647,,,,
mcallen,USA,2024,41.72793859649129,13.472368421052632,7.0640350877192954,11.965789473684211,0.42149556519264053,12.639875011820653,12.218379446628042,,,,
preston,GBR,2024,41.551433536055576,19.93397046046916,6.782493483927029,9.64900086880973,0.860567930054188,11.66579805632431,10.805230126270107,,,,
lausanne,CHE,2024,41.19487402258909,21.88010425716768,5.910078192875757,9.8123370981755,0.8840847597857329,14.362151557493165,13.47806679770743,,,,
oxnard-thousand-oaks-ventura,USA,2024,41.14718557607737,13.438434476693052,13.36235708003517,11.583553210202286,0.17182126279390592,9.693178125743714,9.521356862949792,,,,
bari,ITA,2024,40.062439877568885,20.968080454744207,6.246217752514216,10.575863576738085,0.6059797137616004,13.06320447539829,12.457224761636656,,,,
ljubljana,SVN,2024,39.93970460469157,20.223284100781928,9.057732406602971,9.929192006950478,0.7266329150665862,12.213624440172879,11.48699152510631,,,,
columbia,USA,2024,39.33679615888255,12.009602793539939,9.305237887385408,11.01484068092536,0.372796303598386,9.383871403632574,9.011075100034214,,,,
christchurch,NZL,2024,39.05263388937671,17.872695346795435,6.070149253731353,10.17910447761194,0.7332666654644826,15.506319905070916,14.773053239606428,,,,
prato,ITA,2024,38.971892841458,21.84628897672376,6.478831796223094,10.162933684672815,0.8053545447675858,13.586265317943214,12.78091077317566,,,,
basel,CHE,2024,38.951511169513715,22.167761717038985,8.091721419185298,9.585194918966273,0.682718344065445,13.718665073914762,13.035946729849305,,,,
bydgoszcz,POL,2024,38.02252291575724,20.23395896988215,5.363072893932783,9.525098210388476,0.5871995258364691,13.375826212618739,12.788626686782251,,,,
tallinn,EST,2024,37.4143670608848,18.280332895313183,4.831800262812098,9.73280770915462,0.5786055062552096,15.409759936080183,14.831154429825018,,,,
lublin,POL,2024,37.20839527765629,21.129427197201576,5.035286401399233,10.874508089199825,0.3548280117678363,13.122125891769636,12.767297880001813,,,,
graz,AUT,2024,37.13246414602347,19.972620599739244,5.083876575402003,9.328118209474141,0.7715583956872409,14.114406855831012,13.342848460143754,,,,
braga,PRT,2024,36.57308868501536,17.884665792922675,5.400786369593714,10.00786369593709,0.6320024390068436,13.21686926861227,12.584866829605417,,,,
palma-de-mallorca,ESP,2024,36.52277486910996,18.600349040139616,6.752486910994763,10.294502617801047,0.571939827823392,14.395707873488059,13.823768045664682,,,,
malaga,ESP,2024,36.38035714285712,16.173344947735192,7.428919860627197,10.459494773519165,0.5889926030169759,14.420983632759878,13.831991029742909,,,,
hartford,USA,2024,36.34026315789478,12.701315789473684,11.454692982456146,11.132456140350877,0.29406748127957527,9.48229938956951,9.188231908289934,,,,
brighton-and-hove,GBR,2024,34.56930779277318,22.7022202873313,4.368393556813244,8.930343926861124,0.8473311561611396,17.268616540551328,16.421285384390178,,,,
fresno,USA,2024,33.882938596491215,16.128947368421052,6.591622807017557,9.896929824561404,0.3484677797880317,11.511852157653221,11.163384377865173,,,,
charleroi,BEL,2024,33.402047930283224,10.520261437908497,4.882527233115473,8.488888888888889,0.2602148088236648,9.544465262921033,9.284250454097348,,,,
avignon,FRA,2024,32.563968668407284,15.330287206266318,4.8704525674499575,8.405134899912968,0.3559899120338464,11.873849210119056,11.517859298085204,,,,
eindhoven,NLD,2024,32.5604965156795,18.604965156794425,8.646515679442508,8.304006968641115,0.5137870168427453,10.598573527241754,10.084786510399004,,,,
tucson,USA,2024,32.495366284201246,14.240511915269197,6.995189761694617,9.646954986760813,0.3316071485820231,11.420089697708171,11.088482549126187,,,,
santa-cruz-de-tenerife,ESP,2024,32.42264397905759,20.24738219895288,5.384467713787089,9.37129144851658,0.8772393777102829,14.503744781692294,13.626505403982,,,,
lugano,CHE,2024,32.4166520595969,23.6954425942156,4.450394390885194,7.561349693251533,0.8562365853765849,14.605850076898019,13.749613491521453,,,,
omaha-council-bluffs,USA,2024,32.09106907171144,10.261328640563132,6.40541135063793,10.050593928728553,0.22199910591527747,10.598841818760532,10.376842712845265,,,,
reggio-emilia,ITA,2024,32.053394656154175,18.75076653526062,5.404774419623306,7.480508103372755,0.6229019379031399,11.553973051173637,10.93107111327046,,,,
bielsko-biala,POL,2024,31.957677250978684,15.683775554588951,4.889604175728581,7.695519791213571,0.46329940643801554,11.56759180376212,11.10429239732409,,,,
mannheim,DEU,2024,31.77387701700826,19.62320104666376,4.200130832969913,7.979066724814653,0.8584536908180618,13.477800160238566,12.619346469420483,,,,
dijon,FRA,2024,31.68289930555561,16.051649305555557,5.621310763888903,8.85546875,0.4965890945003573,12.416045022669103,11.919455928168741,,,,
middlesbrough,GBR,2024,31.525491910800156,15.95671184958461,5.8502404897245395,8.0026235242676,0.44592278090719256,11.498220023941842,11.052297243034655,,,,
knoxville,USA,2024,30.98834355828223,11.178352322524102,7.229228746713426,8.645486415425065,0.23109618017952868,9.723906459884716,9.492810279705182,,,,
worcester,USA,2024,30.6850372970601,13.755155770074595,6.241992101799047,8.917507678806494,0.34835960160329477,9.977961092897921,9.629601491294634,,,,
tours,FRA,2024,30.583216476774794,14.790534618755478,4.375021910604741,8.491673970201578,0.4994277240612698,12.90452897268538,12.405101248624085,,,,
boise,USA,2024,30.460806663744,17.031565103024988,6.037527400263058,8.8903989478299,0.5002142578548249,11.944224178548906,11.444009920694109,,,,
munster,DEU,2024,30.06639022261023,18.55783500654736,3.8024006983849814,7.05194238323876,0.6639565802801954,11.833789656848731,11.16983307656851,,,,
helsinki,FIN,2024,29.96701800614847,12.595520421607379,5.853008344312709,8.864734299516908,0.3396518563470063,12.874691175093442,12.535039318746437,,,,
le-mans,FRA,2024,29.851258680555546,15.893229166666666,3.667361111111109,7.526475694444445,0.5488992059181982,11.994511670205537,11.445612464287318,,,,
new-haven,USA,2024,29.822834645669293,14.576990376202975,8.122790901137371,8.155293088363955,0.4488962964789522,10.890553126083987,10.441656829605009,,,,
tulsa,USA,2024,29.705061619718325,8.93794014084507,5.99691901408451,9.180017605633802,0.13364222272371898,9.64153358956558,9.507891366841852,,,,
gothenburg,SWE,2024,29.636749890494954,11.244415243101182,5.266403854577317,8.356548401226457,0.26273622918184664,12.503615640590642,12.240879411408793,,,,
bonn,DEU,2024,29.240026246719165,19.65748031496063,6.391382327209104,7.4011373578302715,0.6394738599168825,12.930043023109315,12.2905691631924,,,,
swansea,GBR,2024,29.162782608695643,20.078260869565216,4.566391304347833,7.560869565217391,0.7842037897538258,14.027167855618561,13.242964065864706,,,,
wuppertal,DEU,2024,29.085726756874745,19.544303797468356,9.053077258838933,7.131820165866434,0.5873462681384715,10.679260072955618,10.091913804817143,,,,
buffalo,USA,2024,28.576794363716427,8.76221928665786,8.186349625715557,8.21003963011889,0.18101391144947868,11.383574024181993,11.202560112732472,,,,
arnhem,NLD,2024,28.511630957586316,22.80192391779624,6.209488412767824,5.235242675994753,0.833595275678644,11.618360875241612,10.784765599562983,,,,
luxembourg,LUX,2024,28.251561144839545,26.040763226366003,6.0139635732871,7.6075455333911535,1.0181086303142646,13.778314185516384,12.760205555202115,,,,
bielefeld,DEU,2024,27.230212397052444,17.803641092327698,4.089986996098825,7.024707412223667,0.620498439369683,10.770723031093256,10.150224591723562,,,,
colorado-springs,USA,2024,26.89811155028545,10.32586736934563,6.747518664909986,8.624066754501538,0.204808773990014,11.343956599010195,11.139147825020194,,,,
aachen,DEU,2024,26.732141299607505,20.96031399912778,3.892586131705186,6.601831661578718,0.7929678726432298,13.397861460999716,12.604893588356513,,,,
wiesbaden,DEU,2024,26.531684901531744,21.87352297592998,4.010328227571125,6.820131291028447,1.0306836635012284,14.261707009059604,13.23102334555838,,,,
reims,FRA,2024,26.141475054229968,15.410412147505424,3.559956616052057,7.6733188720173535,0.5284116833542248,12.411789733923394,11.883378050569167,,,,
kayseri,TUR,2024,26.00568720379147,9.162860835846617,3.668634209392496,7.9185695820766915,0.26808179449978775,13.623970522705939,13.355888728206146,,,,
winston-salem,USA,2024,25.94593874833557,7.45849977807368,5.160452729693747,6.808699511762095,0.09126453505009877,8.578693399334652,8.487428864284551,,,,
orleans,FRA,2024,25.824608013937254,16.496080139372822,4.313327526132414,7.030052264808362,0.546724004590734,12.687070642842897,12.14034663825214,,,,
akron,USA,2024,25.777836411609517,7.087950747581354,4.585576077396656,8.227352682497802,0.11577342040067394,9.604214699125569,9.48844127872487,,,,
nancy,FRA,2024,25.60082572794438,18.747066492829205,3.84254671881791,7.080399826162538,0.728395541976585,15.20336881858412,14.474973276607514,,,,
messina,ITA,2024,25.569973890339416,26.519582245430808,3.8903829416884266,6.85509138381201,0.8273049364465206,18.13102576243484,17.303720825988357,,,,
cagliari,ITA,2024,25.46936897458367,17.913234005258545,3.6101226993864985,7.1695880806310255,0.5143134742889525,14.218847132416089,13.70453365812712,,,,
bilbao,ESP,2024,25.452322524101678,10.822524101665206,4.747852760736197,6.781332164767748,0.37528924393255375,12.239097852260592,11.863808608328055,,,,
salzburg,AUT,2024,25.439597021463,18.229084537888742,3.425580376697332,6.758212877792379,0.5144748316482981,12.831212045301527,12.316737213653221,,,,
reggio-calabria,ITA,2024,24.40399652476106,26.117723718505648,3.4405734144222375,6.353171155516942,1.0755304940097166,16.504891585617667,15.429361091607971,,,,
albany,USA,2024,24.019049714034317,10.590409150901891,5.060536735591736,6.598768147822262,0.29048062696097987,10.380870480303708,10.090389853342694,,,,
linz,AUT,2024,23.900480979449032,15.102754700480979,5.6386532575426305,5.581547879317884,0.49166903503415427,11.465934173413363,10.9742651383792,,,,
kansas-city,USA,2024,23.3499558303887,9.670494699646643,7.3068462897526665,7.364840989399293,0.15865950373413565,9.441513934033964,9.282854430299814,,,,
kortrijk,BEL,2024,23.24575163398697,14.625708061002179,3.7379956427015224,5.761655773420479,0.41945941558655864,10.26980315325905,9.85034373767249,,,,
augsburg,DEU,2024,23.231530745747932,18.403837767117313,4.579720889664204,6.166593981683384,0.5498912683652435,12.284417872090657,11.734526603725406,,,,
las-palmas,ESP,2024,23.14857768052514,15.94835886214442,3.764070021881837,6.987746170678337,0.5094606714838559,13.31827365737387,12.808812985890022,,,,
murcia,ESP,2024,23.057437472575682,17.132075471698112,4.986924089512943,6.159280386134269,0.8330639607392006,14.544483715610001,13.711419754870802,,,,
coimbra,PRT,2024,22.52439236111114,15.591145833333334,2.9648437499999982,5.832899305555555,0.4272268119030671,13.469233235848074,13.042006423945006,,,,
granada,ESP,2024,22.426256006989927,18.877238968982088,3.605854084753168,6.348186981214504,0.9935192977468003,16.241528778066407,15.24800948031961,,,,
grand-rapids,USA,2024,22.40477860587464,11.811924594476107,6.489083735203878,6.865848312143797,0.40464454981185843,10.188475794285837,9.783831244473987,,,,
leuven,BEL,2024,22.088147497805114,16.803336259877085,3.5359525899912208,4.798507462686567,0.606041085413919,10.550489602191394,9.944448516777479,,,,
kassel,DEU,2024,21.647414167753144,24.26205997392438,3.4534115601912148,5.701434159061278,1.0314726685113291,16.828597293466352,15.797124624954995,,,,
aarhus,DNK,2024,21.200615926088876,16.57589089309283,2.736735591728992,6.10998680158381,0.49527608293193637,15.21929213735893,14.724016054426961,,,,
saint-etienne,FRA,2024,21.05701219512195,17.73301393728223,5.934843205574921,6.065331010452962,0.522365134875564,13.14648949344381,12.624124358568219,,,,
bakersfield,USA,2024,21.040377027619467,13.269180184129768,3.052257781674705,6.52170100832968,0.15729783212725654,10.684535358228759,10.52723752610152,,,,
parma,ITA,2024,20.315041539134253,16.821163095758635,4.163183209444689,5.681679055531264,0.5829959637974952,11.72545653829064,11.142460574493153,,,,
bialystok,POL,2024,19.973149364870775,19.20017520805957,2.800262812089355,5.487516425755585,0.4631880072503376,15.461402448764657,14.998214441514333,,,,
greensboro-high-point,USA,2024,19.55603524229072,6.098678414096916,3.3307488986784177,5.4374449339207045,0.04476950561553202,8.189151128199711,8.14438162258418,,,,
little-rock,USA,2024,19.537014134275637,7.083480565371024,4.791254416961137,6.284893992932862,0.07292614559926318,8.565401467857624,8.492475322258379,,,,
wellington,NZL,2024,19.404120999561577,19.33494081543183,4.629241560718978,4.980710214818062,0.6561667537891638,15.620546370036784,14.964379616247617,,,,
newcastle,AUS,2024,18.893439013650344,15.5702333773668,2.9499779832672828,5.468075737560546,0.40645256805706903,13.041223519556851,12.634770951499794,,,,
kosice,SVK,2024,18.120078397212566,22.51567944250871,2.1607142857142856,4.309233449477352,0.7223166032784722,13.857418952423592,13.135102349145122,,,,
tauranga,NZL,2024,18.041841186736434,13.258289703315882,3.3513525305410172,3.6090750436300176,0.3761757179399765,12.700155167317346,12.323979449377362,,,,
a-coruna,ESP,2024,17.935186794092125,15.259774109470026,2.1980017376194576,4.934404865334492,0.7741721564591272,16.267976640715595,15.49380448425642,,,,
dayton,USA,2024,17.773647162340527,8.185657721073472,3.4202815662120556,5.517817861856577,0.19418959564432375,9.551077018706717,9.356887423062396,,,,
zaragoza,ESP,2024,17.635076252723305,15.120261437908496,2.450631808278866,5.43921568627451,0.7370725469794239,14.223599830947782,13.486527283968394,,,,
karlsruhe,DEU,2024,17.447433084686278,14.306274681878017,3.1614743308468642,4.436156208863537,0.4439593800235566,10.011616147676007,9.567656767652455,,,,
reykjavik,ISL,2024,17.422168989547057,14.732142857142858,3.8476480836236946,4.3967770034843205,0.6112266004034564,13.872148299730657,13.260921699327225,,,,
modena,ITA,2024,17.318121983326037,14.246160596752961,3.585344449319877,4.684071961386573,0.34401645763002514,10.432285310400804,10.088268852770788,,,,
alicante,ESP,2024,17.09241893076249,12.830411919368975,2.441060473269058,5.137598597721297,0.47685300497739075,14.983377259197542,14.506524254220151,,,,
den-bosch,NLD,2024,16.811028770706177,17.399738448125547,4.074149956408023,3.6107236268526592,0.5055662754801283,9.335377282679053,8.829811007198927,,,,
bern,CHE,2024,16.772743207712555,18.42418930762489,2.6751533742331266,3.6897458369851006,0.6943090674140017,13.20024562559802,12.505936558184018,,,,
syracuse,USA,2024,16.723505976095602,7.49402390438247,4.610137228862338,5.393979637007526,0.10545993306856491,9.97013598333509,9.86467605026651,,,,
kiel,DEU,2024,16.12249240121579,17.92574902301346,3.4885366912722553,4.07251411202779,0.5446327724007073,13.113475060436368,12.568842288035656,,,,
bruges,BEL,2024,15.663731931668854,14.811213315812527,2.7366622864651795,4.26149802890933,0.4747965245519917,10.254491668933536,9.779695144381536,,,,
haarlem,NLD,2024,15.53092422251422,22.513797634691194,2.5890494962768282,4.117389399912396,0.8614155521684315,14.005893604515302,13.144478052346875,,,,
namur,BEL,2024,15.276480836236907,16.481271777003485,2.1317073170731664,3.7460801393728222,0.5462780858007713,11.297755044152812,10.751476958352074,,,,
funchal,PRT,2024,15.218460192475922,17.45713035870516,2.9578740157480277,4.207349081364829,0.7167700538404495,14.893949582534315,14.177179528693882,,,,
freiburg,DEU,2024,15.113703382480479,18.647007805724197,2.4424544666088446,3.8269731136166523,0.7967246555188487,13.128641565847863,12.331916910329015,,,,
rochester,USA,2024,15.094021978021972,10.098021978021977,3.953230769230772,4.730989010989011,0.26872046170932995,10.737246602260992,10.468526140551639,,,,
portland,USA,2024,14.995280105866767,11.559770621967358,3.427922364358178,4.723423026025585,0.21578895066168036,10.286719227329359,10.070930276667687,,,,
valladolid,ESP,2024,14.6634497816594,12.99301310043668,2.0829694323144086,4.389519650655022,0.8594209911666314,14.921959825644683,14.062538834478024,,,,
odense,DNK,2024,14.573210364514695,12.983311374615722,2.799648660518227,4.200702678963548,0.2588284459951945,11.925784304995597,11.666955859000403,,,,
canberra,AUS,2024,14.439174352217824,10.68028107158542,2.1942028985507243,4.545893719806763,0.1270464530652125,11.886600386201094,11.759553933135912,,,,
hobart,AUS,2024,14.257056013894914,18.57967867998263,2.0835432045158573,4.381676074685193,0.7007253556840152,14.39454274685325,13.693817391169222,,,,
vigo,ESP,2024,14.008851884312001,11.869851007887817,1.9162576687116575,3.9566170026292724,0.5183605727539606,14.106007467715141,13.58764689496118,,,,
ostrava,CZE,2024,13.447810858143585,12.316112084063047,2.524781085814359,3.7254816112084064,0.2886071287026452,10.827520465784223,10.538913337081578,,,,
monchengladbach,DEU,2024,13.318256721595848,17.627493495229835,3.469514310494364,3.8668690372940158,0.7521472036613055,11.806608174661804,11.054460971000484,,,,
kitchener-waterloo,CAN,2024,13.22927789934355,12.687089715536105,2.768183807439825,4.189934354485777,0.5562971955443138,13.163303780913667,12.607006585369332,,,,
breda,NLD,2024,13.225459317585281,18.538495188101486,3.9618547681539877,3.811461067366579,0.43626887492206334,9.971149028129505,9.53488015320747,,,,
bloemfontein,ZAF,2024,13.079045553145333,10.48590021691974,2.2179609544468533,4.45466377440347,0.4416572605368615,14.398960180097125,13.957302919560243,,,,
pescara,ITA,2024,12.902800875273542,15.919912472647702,2.3868708971553607,3.742231947483589,0.20910887878301945,14.109521773091883,13.900412894308845,,,,
le-havre,FRA,2024,12.752693310165068,16.271068635968724,1.8825803649000856,3.7806255430060816,0.5346853851803722,15.972046809807127,15.437361424626754,,,,
trieste,ITA,2024,12.245700567437796,24.085988651243998,2.482322130074204,3.8389349628982976,1.0626387008635523,14.825028023137397,13.762389322273874,,,,
leiden,NLD,2024,12.136343708899595,17.388864533099518,3.8159579131959718,2.9666812801402895,0.3139845030488152,9.891488027320422,9.577503524271615,,,,
mons,BEL,2024,12.064454148471622,12.0,1.704410480349343,2.9231441048034936,0.34376869532724746,9.773760903236026,9.42999220790879,,,,
taranto,ITA,2024,11.969978213507629,15.594771241830065,1.908017429193899,3.1633986928104574,0.2905033406325768,13.823578839522577,13.533075498889989,,,,
hamilton,NZL,2024,11.791728341314753,13.689159773617762,1.7337831954723517,3.2751414888985635,0.3634166491317094,14.004383991526444,13.640967342394758,,,,
bergen,NOR,2024,11.650678931230836,8.803766973280771,2.8721419185282535,2.3144984669294786,0.23226604495390055,13.547761494799955,13.315495449846086,,,,
groningen,NLD,2024,11.56397026672497,13.795802361171841,1.7011805859204174,2.9379099256668124,0.23792642319422722,12.075630344255949,11.837703921061758,,,,
oviedo,ESP,2024,11.335592479230453,15.083078268473983,1.241014429383471,3.125491910800175,0.7229755880571224,14.30033329215714,13.577357704100008,,,,
amersfoort,NLD,2024,11.259982486865159,16.86120840630473,3.4391418563923004,2.9873029772329245,0.4201076695558459,9.664500776662576,9.244393107106722,,,,
innsbruck,AUT,2024,10.65631236442516,15.846854663774403,3.6886334056399193,3.054663774403471,0.5481475760258178,12.446741112842652,11.89859353681686,,,,
livorno,ITA,2024,10.631448455850368,17.973466724662895,1.8057851239669414,2.8995215311004783,0.6348433693169487,15.141013606060772,14.50617023674388,,,,
pamplona,ESP,2024,10.14124071647008,12.439493228484054,1.4225425950196577,3.2057667103538665,0.4569303908286585,13.877599562806708,13.420669171978066,,,,
stavanger,NOR,2024,10.11471234079929,9.275801493192798,2.0640755379885785,2.39877031181379,0.08709701444262567,13.109819412049394,13.022722397606767,,,,
nijmegen,NLD,2024,9.93737991266375,18.15240174672489,2.0049781659388612,2.479475982532751,0.4973705647384454,12.838941293943147,12.341570729204724,,,,
trondheim,NOR,2024,9.748345831495365,8.83943537715042,1.517776797529771,2.3361270401411556,0.31078942287470424,13.968576769440414,13.65778734656576,,,,
ras-al-khaimah,ARE,2024,9.687467476149166,10.761925411968777,1.1520815264527349,3.0008673026886385,0.15438742097057537,10.789596085821897,10.635208664851309,,,,
wollongong,AUS,2024,9.626892605633813,13.814700704225352,2.0273327464788675,2.7693661971830985,0.38154422171826885,11.400701710078957,11.019157488360673,,,,
ravenna,ITA,2024,9.615984320557466,16.61628919860627,2.5285278745644573,2.825348432055749,0.48764129365640696,12.75685105415817,12.269209760501752,,,,
santander,ESP,2024,9.139412538360355,13.568610258658483,1.1569048662867132,2.775975449364314,0.5924900191485171,14.550896968142574,13.958406948994073,,,,
zwolle,NLD,2024,8.804437609841822,15.381370826010544,1.8152460456941975,2.101933216168717,0.3233999456126635,9.92875311719912,9.605353171586476,,,,
louisville,USA,2024,8.701454385191731,8.834728955486998,1.8063904803878348,2.4892022917584837,0.17255127346911428,9.546196730799755,9.373645457330634,,,,
apeldoorn,NLD,2024,8.358541941150632,14.400966183574878,1.7847167325428166,2.152393500219587,0.2069163000225022,10.096128568101854,9.889212268079351,,,,
malmo,SWE,2024,8.23066432028157,10.398592168939727,1.8831060272767237,2.5384953805543335,0.3088925474313266,12.644062238393266,12.335169690961925,,,,
tilburg,NLD,2024,8.219164835164845,15.66989010989011,1.52896703296703,2.0316483516483514,0.3885257090968241,10.876609669319334,10.488083960222538,,,,
memphis,USA,2024,7.9026396832380055,8.57765068191817,2.0841179058513006,2.313682358117026,-0.06403808536756966,10.430324027483936,10.494362112851528,,,,
san-sebastian,ESP,2024,7.748358862144431,10.507221006564551,1.0410940919037193,2.171115973741794,0.1665559954178509,11.794471429571333,11.6279154341535,,,,
cordoba,ESP,2024,7.709424083769639,11.580279232111693,1.0937172774869104,2.43804537521815,0.38530614681244874,14.63489431861964,14.249588171807202,,,,
turku,FIN,2024,5.4981156879929864,14.506134969325153,0.7812883435582825,1.6064855390008763,0.4585696109706888,14.315213597742897,13.856643986772161,,,,
vitoria-gasteiz,ESP,2024,5.314179755671903,15.980802792321118,0.8380453752181506,1.763089005235602,0.6452735450069896,13.852395972604285,13.207122427597255,,,,
gijon,ESP,2024,5.0686842105263255,13.008333333333333,0.6053070175438604,1.7083333333333333,0.6116789554006615,16.861033133271153,16.249354177870476,,,,
cadiz,ESP,2024,5.044721857205435,7.78449408672799,0.8390275952693823,1.4362680683311433,0.2265868664227357,12.25567252025655,12.029085653833802,,,,
tampere,FIN,2024,4.703516483516479,11.062857142857142,0.8932307692307684,1.4065934065934067,0.3102636657093236,11.747185063708436,11.436921397999145,,,,
cartagena,ESP,2024,4.67764654418198,10.742782152230971,0.6724409448818904,1.5398075240594926,0.34317873908776503,12.986272800299073,12.64309406121132,,,,
dunedin,NZL,2024,4.651174934725841,15.430809399477807,0.7123150565709301,1.5913838120104438,0.6332937831691299,16.22600861092186,15.592714827752765,,,,
uppsala,SWE,2024,4.194485776805251,13.939168490153174,0.6563676148796499,1.349671772428884,0.5018017081681747,15.746717221149776,15.244915512981624,,,,
fujairah,ARE,2024,4.025959465286761,10.907718844329452,0.7319103061664518,1.3730056058645967,0.19495065915192863,11.662590016550665,11.467639357398706,,,,
almere,NLD,2024,3.63352347520843,6.2904782799473455,0.5063624396665217,1.0640631856077227,-0.017543620701934052,9.46715043433293,9.484694055034852,,,,
el-paso,USA,2024,0.2990235241899691,2.3404349755881046,0.031114070128717277,0.07811806480248558,-0.250675593908943,10.690269468090998,10.94094506199997,,,,
